library,barcode,aa_substitutions,n_aa_substitutions,concentration,prob_escape
avg1muts,AAAATTGTAAACAAAG,,0,0.25,0.08162
avg1muts,AAAGAATAGAACTAAC,,0,0.25,0.08162
avg1muts,AAAGGGAAGCAGGAGC,,0,0.25,0.08162
avg1muts,AAAGTGCTCGAGCCAT,,0,0.25,0.08162
avg1muts,AACAAACCTATCTGGG,,0,0.25,0.08162
avg1muts,AACCGACGTATATTTT,,0,0.25,0.08162
avg1muts,AACTACGACAGTAAAA,,0,0.25,0.08162
avg1muts,AACTGGAATCCCCCAC,,0,0.25,0.08162
avg1muts,AAGAAGTTCGCGCAGC,,0,0.25,0.08162
avg1muts,AAGGATTAAAGTAAGC,,0,0.25,0.08162
avg1muts,AAGGGGAACGATAGAC,,0,0.25,0.08162
avg1muts,AAGGTGGACCGCACCC,,0,0.25,0.08162
avg1muts,AAGTAGGTCCGATAAC,,0,0.25,0.08162
avg1muts,AATAGAGTACGGGCAG,,0,0.25,0.08162
avg1muts,AATCAGAGTGATCTTT,,0,0.25,0.08162
avg1muts,AATGAGGGTGCGGATA,,0,0.25,0.08162
avg1muts,AATTCCGCCTATGCAT,,0,0.25,0.08162
avg1muts,ACAAGGAGTCTCGGTT,,0,0.25,0.08162
avg1muts,ACCACTTAATATACAT,,0,0.25,0.08162
avg1muts,ACCCTACTATCAAGGG,,0,0.25,0.08162
avg1muts,ACCTACATTCAGCTAG,,0,0.25,0.08162
avg1muts,ACCTATGGTCTGCAAC,,0,0.25,0.08162
avg1muts,ACGACGATTCAAGAAT,,0,0.25,0.08162
avg1muts,ACGCACATCCGCTACA,,0,0.25,0.08162
avg1muts,ACGCCGCAGTTTATCA,,0,0.25,0.08162
avg1muts,ACGCGCTTCCACAGCG,,0,0.25,0.08162
avg1muts,ACTGGGATCCCGCCAT,,0,0.25,0.08162
avg1muts,ACTTATGACGATCTTG,,0,0.25,0.08162
avg1muts,AGAAGAGAGCCCCCCT,,0,0.25,0.08162
avg1muts,AGAAGCGAACGTTCTG,,0,0.25,0.08162
avg1muts,AGACTACCGGAGCTGG,,0,0.25,0.08162
avg1muts,AGAGGGTGGTATACGT,,0,0.25,0.08162
avg1muts,AGATGGTCAGCCTAAG,,0,0.25,0.08162
avg1muts,AGCACTCGATGATCAC,,0,0.25,0.08162
avg1muts,AGGGATGTGTTACAAC,,0,0.25,0.08162
avg1muts,AGGTTATGCGTCTAAC,,0,0.25,0.08162
avg1muts,AGTCGATACGAGGCCG,,0,0.25,0.08162
avg1muts,AGTGACCTAAGTGAGC,,0,0.25,0.08162
avg1muts,AGTGCGACGTGCGCCC,,0,0.25,0.08162
avg1muts,AGTTCGCATCATAGCC,,0,0.25,0.08162
avg1muts,AGTTGAACTGCCCCCA,,0,0.25,0.08162
avg1muts,ATACGGCGATTGCTTC,,0,0.25,0.08162
avg1muts,ATCCACGGGTCTGGTT,,0,0.25,0.08162
avg1muts,ATCTCACGTGAGTTAC,,0,0.25,0.08162
avg1muts,ATGATACACCTCTTAA,,0,0.25,0.08162
avg1muts,ATGGATTACGGTCTGC,,0,0.25,0.08162
avg1muts,ATTTCATATGGCCTTC,,0,0.25,0.08162
avg1muts,CAACAACAACCTGCAA,,0,0.25,0.08162
avg1muts,CAAGCCACCTTTGGAA,,0,0.25,0.08162
avg1muts,CAAGCGCTATCCCTAT,,0,0.25,0.08162
avg1muts,CACTTAGGTCGGTGAC,,0,0.25,0.08162
avg1muts,CAGGCCTACTAACCAC,,0,0.25,0.08162
avg1muts,CATAGGGAAACAAATT,,0,0.25,0.08162
avg1muts,CATCGCTTTAGTTGCA,,0,0.25,0.08162
avg1muts,CATTACATCATGACAG,,0,0.25,0.08162
avg1muts,CCAAGTGCAGTTGTAG,,0,0.25,0.08162
avg1muts,CCACCAATGAGTAAAG,,0,0.25,0.08162
avg1muts,CCATCACTGTAACCAA,,0,0.25,0.08162
avg1muts,CCCAGGATTTTGATAC,,0,0.25,0.08162
avg1muts,CCCATGAAACTAACGT,,0,0.25,0.08162
avg1muts,CCCCCAAAGTGACGAA,,0,0.25,0.08162
avg1muts,CCCCCACGCTTGATCT,,0,0.25,0.08162
avg1muts,CCCTTCAAACTCAAAG,,0,0.25,0.08162
avg1muts,CCGAAGTCCACTTCTC,,0,0.25,0.08162
avg1muts,CCGAGCACCACAAGCG,,0,0.25,0.08162
avg1muts,CCTCGGGAGTAGCCGT,,0,0.25,0.08162
avg1muts,CCTTCTTCTACAGTGG,,0,0.25,0.08162
avg1muts,CCTTGCTAAGTACGCT,,0,0.25,0.08162
avg1muts,CGACCCTTAGCGTATC,,0,0.25,0.08162
avg1muts,CGCCAATTGCGTCCCT,,0,0.25,0.08162
avg1muts,CGCCTCGATAGATGTT,,0,0.25,0.08162
avg1muts,CGCGGCTCAAAAACTC,,0,0.25,0.08162
avg1muts,CGGAGGCTAGACATCC,,0,0.25,0.08162
avg1muts,CGGATCGTGGGGATGG,,0,0.25,0.08162
avg1muts,CGGATTACTCTGGTTG,,0,0.25,0.08162
avg1muts,CGTATGCGAAGAGGTC,,0,0.25,0.08162
avg1muts,CTAATACGGCAGATCT,,0,0.25,0.08162
avg1muts,CTAATGTGTCAGCCCC,,0,0.25,0.08162
avg1muts,CTACTACAACTGATTC,,0,0.25,0.08162
avg1muts,CTACTGATACTGGAGA,,0,0.25,0.08162
avg1muts,CTGGTTGGTTGACTCT,,0,0.25,0.08162
avg1muts,CTGTCTCCCAGGGCGT,,0,0.25,0.08162
avg1muts,CTTAGTCAGACCAGTC,,0,0.25,0.08162
avg1muts,CTTGCCACACATTAGA,,0,0.25,0.08162
avg1muts,CTTTAATACATTGGCT,,0,0.25,0.08162
avg1muts,GAAAGGTGGCGCGAGG,,0,0.25,0.08162
avg1muts,GAAGCAGAGATAAACC,,0,0.25,0.08162
avg1muts,GAATTGAATTGCTAGG,,0,0.25,0.08162
avg1muts,GACCAATCTGTGGAGG,,0,0.25,0.08162
avg1muts,GACCATCGCGTTCAGT,,0,0.25,0.08162
avg1muts,GAGGATCTTAACTCGG,,0,0.25,0.08162
avg1muts,GAGGGGTCGGGGAAAA,,0,0.25,0.08162
avg1muts,GAGGTCCTATGGCTTT,,0,0.25,0.08162
avg1muts,GAGTATGGATAATCAC,,0,0.25,0.08162
avg1muts,GATAGTAGTTAAATCA,,0,0.25,0.08162
avg1muts,GATGACCGATAATTAC,,0,0.25,0.08162
avg1muts,GATGCCCCGGGATCCA,,0,0.25,0.08162
avg1muts,GATGTCGCGCTGATTT,,0,0.25,0.08162
avg1muts,GCCAATTTGAGCCTGT,,0,0.25,0.08162
avg1muts,GCCCTATAGTCTCCTT,,0,0.25,0.08162
avg1muts,GCCGCAGGACGTGTGT,,0,0.25,0.08162
avg1muts,GCCGTATTTGTGGCAT,,0,0.25,0.08162
avg1muts,GCCTCTCGCAGCGAGG,,0,0.25,0.08162
avg1muts,GCGATCATTTAGCTAG,,0,0.25,0.08162
avg1muts,GCGGTGTTTCCATAGC,,0,0.25,0.08162
avg1muts,GCGTCCTGGATGGTCC,,0,0.25,0.08162
avg1muts,GGATATGTCTGGCGCC,,0,0.25,0.08162
avg1muts,GGCTTTGCGTCTTGTA,,0,0.25,0.08162
avg1muts,GGGTCAATCAGCGAAT,,0,0.25,0.08162
avg1muts,GGGTCGATTCTGACAC,,0,0.25,0.08162
avg1muts,GGTATGACTACGAGGC,,0,0.25,0.08162
avg1muts,GGTGCGAGCTAGACGT,,0,0.25,0.08162
avg1muts,GTACCTAAACTATGTT,,0,0.25,0.08162
avg1muts,GTACTAGACGATATGA,,0,0.25,0.08162
avg1muts,GTAGTAATCGGCCGCT,,0,0.25,0.08162
avg1muts,GTATCATAACTTATTA,,0,0.25,0.08162
avg1muts,GTATCTAATAAGACTA,,0,0.25,0.08162
avg1muts,GTCCATTTGAATTGTT,,0,0.25,0.08162
avg1muts,GTCCCCGGGGATGATA,,0,0.25,0.08162
avg1muts,GTGAGCTAAGAGGGTT,,0,0.25,0.08162
avg1muts,GTGCCCTGCATTTGAT,,0,0.25,0.08162
avg1muts,GTGGCTTCCACTTAAA,,0,0.25,0.08162
avg1muts,GTGGGACCTCCGAAAA,,0,0.25,0.08162
avg1muts,GTGGTGTGATGAAGTA,,0,0.25,0.08162
avg1muts,GTTAAGGGCCTCCAAG,,0,0.25,0.08162
avg1muts,GTTACAAAATGTCATT,,0,0.25,0.08162
avg1muts,GTTATATCTCCGAGTG,,0,0.25,0.08162
avg1muts,GTTTCATGTAGCCGCG,,0,0.25,0.08162
avg1muts,TAAAGGGTGTTCTCGG,,0,0.25,0.08162
avg1muts,TAAATTGTAGGCTGTT,,0,0.25,0.08162
avg1muts,TAACCACGGAGGTCAG,,0,0.25,0.08162
avg1muts,TAACGCATTTCCAGCC,,0,0.25,0.08162
avg1muts,TAAGTCACAACCAAAC,,0,0.25,0.08162
avg1muts,TAATCCTAGCACGTAG,,0,0.25,0.08162
avg1muts,TACAAGATGCGTTGAT,,0,0.25,0.08162
avg1muts,TACCGGTCGCGCAGCC,,0,0.25,0.08162
avg1muts,TACCTAGCGGATGAAA,,0,0.25,0.08162
avg1muts,TACTCATGCGCCGAGT,,0,0.25,0.08162
avg1muts,TACTGGGGGCTCTGGC,,0,0.25,0.08162
avg1muts,TACTGTCGTTACCAAC,,0,0.25,0.08162
avg1muts,TAGACCCAAGTTAGAG,,0,0.25,0.08162
avg1muts,TAGAGGTGCTGCGGTT,,0,0.25,0.08162
avg1muts,TAGTCCAATCCAGACT,,0,0.25,0.08162
avg1muts,TATAGATATGGCGGGC,,0,0.25,0.08162
avg1muts,TATAGTAGTGCCCACG,,0,0.25,0.08162
avg1muts,TATATGCGGTATGTAT,,0,0.25,0.08162
avg1muts,TATCTAAGTCGTAAAC,,0,0.25,0.08162
avg1muts,TATTCCTCGGTTCCAT,,0,0.25,0.08162
avg1muts,TCAACCAACCATACCC,,0,0.25,0.08162
avg1muts,TCAATACGGGCTCTAG,,0,0.25,0.08162
avg1muts,TCGAAGTATTCGTCGG,,0,0.25,0.08162
avg1muts,TCGATATGAATAGAAA,,0,0.25,0.08162
avg1muts,TCGGATTCATCGTTTC,,0,0.25,0.08162
avg1muts,TCGTCCAACCCCTTGC,,0,0.25,0.08162
avg1muts,TCGTCTTCGGAAGTAC,,0,0.25,0.08162
avg1muts,TCGTTATATGCTATAC,,0,0.25,0.08162
avg1muts,TCTACTCGGGGGCTAG,,0,0.25,0.08162
avg1muts,TCTCGAGAACCTAATC,,0,0.25,0.08162
avg1muts,TCTTCGGCCCTCAAGA,,0,0.25,0.08162
avg1muts,TCTTGTCATGGTAACC,,0,0.25,0.08162
avg1muts,TGAAGTACCTACTCTG,,0,0.25,0.08162
avg1muts,TGCACCGCAATATTGG,,0,0.25,0.08162
avg1muts,TGCATGAGCGTTTCAT,,0,0.25,0.08162
avg1muts,TGCCCGCGCCCACTTG,,0,0.25,0.08162
avg1muts,TGCTATCGTGTTGTAA,,0,0.25,0.08162
avg1muts,TGCTGACATAGCCTAT,,0,0.25,0.08162
avg1muts,TGCTGCTCTCAGCCCT,,0,0.25,0.08162
avg1muts,TGCTGCTCTCCAGGCA,,0,0.25,0.08162
avg1muts,TGTAGCGTATGACGTT,,0,0.25,0.08162
avg1muts,TGTAGGCCCCGCATTG,,0,0.25,0.08162
avg1muts,TGTTCGGCTTATCTAT,,0,0.25,0.08162
avg1muts,TGTTGCGCCGAACAGC,,0,0.25,0.08162
avg1muts,TTACATCCTAGAAACC,,0,0.25,0.08162
avg1muts,TTAGGGGAATGGTCTG,,0,0.25,0.08162
avg1muts,TTATGAACAGACAGGC,,0,0.25,0.08162
avg1muts,TTCACCACATGTAGGT,,0,0.25,0.08162
avg1muts,TTGGAATCAGGGCCGT,,0,0.25,0.08162
avg1muts,TTGTAGTTATCGTGCT,,0,0.25,0.08162
avg1muts,TTGTCACCGATTGGGC,,0,0.25,0.08162
avg1muts,TTTACCTATCACCCTT,,0,0.25,0.08162
avg1muts,TTTACTCGGACAATGG,,0,0.25,0.08162
avg1muts,TTTACTTACCGACGTA,,0,0.25,0.08162
avg1muts,TTTCACATTCGGTGAC,,0,0.25,0.08162
avg1muts,TTTGCCGGTTGGTCCG,,0,0.25,0.08162
avg1muts,TTTGGATAGATCTTGC,,0,0.25,0.08162
avg1muts,AAGATATCCAAAGAAC,I332A,1,0.25,0.1473
avg1muts,CGGCGTTATTGTCCAT,I332A,1,0.25,0.1473
avg1muts,ATGGACGGTTCCCAAC,I332A T333F,2,0.25,0.2428
avg1muts,TTGAAAGCCTAAAGAT,I332A T333S,2,0.25,0.2428
avg1muts,CGAGAGACTTACATAG,I332C,1,0.25,0.2374
avg1muts,GCTCCAAAGGTCGCAC,I332C,1,0.25,0.2374
avg1muts,TACTAACGGGGCGTAT,I332C,1,0.25,0.2374
avg1muts,GTAATACTACCGTTAA,I332C T333K,2,0.25,0.3796
avg1muts,AATACCAGGCCTTATA,I332D,1,0.25,0.1976
avg1muts,CGCTGGCTCGGGAAAA,I332D,1,0.25,0.1976
avg1muts,ATCCTTCTACCTCCCG,I332D T333E,2,0.25,0.3161
avg1muts,GACGCTATAGTTTAGT,I332E,1,0.25,0.1594
avg1muts,AAGCAACCGCAAAGGG,I332E T333V,2,0.25,0.2606
avg1muts,AAGATGTGGTGGTCCT,I332F,1,0.25,0.1474
avg1muts,GAACTCAAGGCTTGGA,I332F,1,0.25,0.1474
avg1muts,TGAGTACTATCGTGCA,I332F,1,0.25,0.1474
avg1muts,GGCGAGTTCTTACAGT,I332G T333S,2,0.25,0.3237
avg1muts,AGCCCGGGCAAAGTTT,I332H,1,0.25,0.2097
avg1muts,GCCGTAACACGTAACG,I332H,1,0.25,0.2097
avg1muts,GGTACAAACCGCTCGG,I332H,1,0.25,0.2097
avg1muts,TGTGCCACCCCTACTG,I332H,1,0.25,0.2097
avg1muts,ATCTGGGACTGTGACC,I332K,1,0.25,0.2275
avg1muts,CCGGAGTTCGGGAGCT,I332K,1,0.25,0.2275
avg1muts,CTGTCATACTGCAAAG,I332K,1,0.25,0.2275
avg1muts,GAGAGTGGAGATTAGT,I332K,1,0.25,0.2275
avg1muts,ATGTATCTTAATACAG,I332K T333L,2,0.25,0.3627
avg1muts,CAGATTGTGATATTTC,I332L,1,0.25,0.2202
avg1muts,GAGGGCGCCGAAGGCG,I332L,1,0.25,0.2202
avg1muts,TCGGTCGTTAGTTACG,I332L,1,0.25,0.2202
avg1muts,TGTTACTGCTAAACTT,I332L,1,0.25,0.2202
avg1muts,ACACGACAAGATTCTA,I332L T333G,2,0.25,0.3503
avg1muts,TAAATCGGAACTTGGG,I332L T333P,2,0.25,0.3773
avg1muts,GCTGCTGGTGTCACAC,I332L T333Q,2,0.25,0.3548
avg1muts,GCTTTCAGGCTCGACC,I332L T333S,2,0.25,0.3546
avg1muts,TTCATTCTCCCCTATT,I332L T333S,2,0.25,0.3546
avg1muts,CGGGCTAGCAAACCAA,I332L T333V,2,0.25,0.3533
avg1muts,ACGCCAACACCCGTCA,I332M,1,0.25,0.1507
avg1muts,TGGCGCGGAAAGGCCT,I332N,1,0.25,0.1996
avg1muts,TTGTTTCCTCGCCCAC,I332N,1,0.25,0.1996
avg1muts,TCTTCTTATCCTAATA,I332N T333G,2,0.25,0.3205
avg1muts,ACCATATGCACCCTTC,I332P,1,0.25,0.1849
avg1muts,ATGACTGGGATGCCGT,I332P,1,0.25,0.1849
avg1muts,CAATGGGGACGATTTG,I332P,1,0.25,0.1849
avg1muts,CAGGCCGAGTGCGGAA,I332P,1,0.25,0.1849
avg1muts,GCTCTGTCGACTTGTA,I332P,1,0.25,0.1849
avg1muts,GGGATTGAGCGCGACT,I332P,1,0.25,0.1849
avg1muts,GCCCTATCGGGTAATC,I332P T333A,2,0.25,0.3012
avg1muts,GGCATTATAGGCCCTC,I332P T333L,2,0.25,0.2997
avg1muts,AGACGTCTCGTGGTAA,I332P T333Q,2,0.25,0.3017
avg1muts,AGTATAGAGAGCTTTA,I332Q T333C,2,0.25,0.2957
avg1muts,AGGGTTAAGCGACACC,I332Q T333R,2,0.25,0.2788
avg1muts,ACCGCACCGCCACAAC,I332R,1,0.25,0.2038
avg1muts,ATTAACCAATACGGCA,I332R,1,0.25,0.2038
avg1muts,CTTTTTAGTAGGTCGG,I332R,1,0.25,0.2038
avg1muts,TGCTGCGCCAATAAAC,I332R,1,0.25,0.2038
avg1muts,CAGCGCCTCCGTACTG,I332R T333L,2,0.25,0.3279
avg1muts,ATGGCTCTAGTTGCAA,I332S,1,0.25,0.2084
avg1muts,CCCCCGACAGTTCCGA,I332S,1,0.25,0.2084
avg1muts,GGCACATTGCCCACGC,I332S,1,0.25,0.2084
avg1muts,GTTCAGGCTCCCCCGT,I332S,1,0.25,0.2084
avg1muts,TAAGCTCAATAATAAA,I332S,1,0.25,0.2084
avg1muts,TGTATGCTGAGCTAGC,I332S,1,0.25,0.2084
avg1muts,TACGATATAGACCCCG,I332S T333H,2,0.25,0.3888
avg1muts,GTGGGGCGTGACTAAA,I332S T333L,2,0.25,0.3352
avg1muts,TTCACTTAATCGTTTG,I332S T333P,2,0.25,0.3672
avg1muts,GACCACGTTGTGAAAA,I332S T333R,2,0.25,0.3574
avg1muts,AGCCATGATTGTGTCC,I332T,1,0.25,0.1493
avg1muts,ATACCCTCTTGAGGCT,I332T,1,0.25,0.1493
avg1muts,GCGGCGCAATTTCTTG,I332T,1,0.25,0.1493
avg1muts,TTTATGCTTGGGTGCA,I332T,1,0.25,0.1493
avg1muts,TTTGACAGTAGGCGAG,I332T T333F,2,0.25,0.2454
avg1muts,AGTGGCTAGCCTGCAC,I332T T333L,2,0.25,0.244
avg1muts,CCTCCTTAGCAAAACC,I332T T333P,2,0.25,0.3169
avg1muts,ACAGGCTCTGTTGAAT,I332V,1,0.25,0.1472
avg1muts,TAGAAGCTTCATCCCA,I332V,1,0.25,0.1472
avg1muts,TTGGGCATCTGGTTTC,I332V T333C,2,0.25,0.2963
avg1muts,ACACTTAGTCTCGGGC,I332Y,1,0.25,0.2426
avg1muts,CCGAAGGGCGGACCAC,I332Y,1,0.25,0.2426
avg1muts,CCGTGTAGCAACACAA,I332Y,1,0.25,0.2426
avg1muts,CCTCACAGAATCAGTC,I332Y,1,0.25,0.2426
avg1muts,CGAGAATGGTAGGTGT,I332Y,1,0.25,0.2426
avg1muts,TGGGACCATCCGTCGG,I332Y,1,0.25,0.2426
avg1muts,CCAATAAAAAATCCGG,N331A,1,0.25,0.149
avg1muts,GCATAAATCACAACAC,N331A,1,0.25,0.149
avg1muts,GGTAGTTCTGTGTGGT,N331A,1,0.25,0.149
avg1muts,TATGTCACTTATGTGT,N331A,1,0.25,0.149
avg1muts,TAAACCTAGAGGCGAT,N331A I332A,2,0.25,0.2452
avg1muts,TTATCTAATCAGTTCT,N331A I332C,2,0.25,0.3838
avg1muts,GAGCGTTTAGATCACG,N331A I332D T333R,3,0.25,0.4999
avg1muts,ATACTACACAGAATTC,N331A I332G,2,0.25,0.3268
avg1muts,GAGGAAAAGGGGTGTG,N331A I332T,2,0.25,0.2478
avg1muts,TCTAGACTGTCCCTGA,N331A I332T,2,0.25,0.2478
avg1muts,TAACGATTCGTTCGAC,N331A I332V,2,0.25,0.245
avg1muts,CCATTAGTCCTGTGAG,N331A T333H,2,0.25,0.3813
avg1muts,GTGTTGAACTGCTGAG,N331A T333H,2,0.25,0.3813
avg1muts,AAGACGGAGTGTATGT,N331D,1,0.25,0.1933
avg1muts,TGAGCGCTCTGTGTCG,N331D,1,0.25,0.1933
avg1muts,CAGATCCAATATTCGC,N331D I332H T333H,3,0.25,0.5759
avg1muts,AGCGCCTCCGGCTAGC,N331D I332K T333C,3,0.25,0.5712
avg1muts,TGTCAATAGATTGCTC,N331D I332L,2,0.25,0.3882
avg1muts,ACGTTTCGACCGTAAC,N331D T333F,2,0.25,0.3121
avg1muts,TCGTGGAAGGCGGTAG,N331D T333K,2,0.25,0.3117
avg1muts,CCACAGCTGTGACCCA,N331D T333R,2,0.25,0.3414
avg1muts,CCATACGAAAGGTGGG,N331E,1,0.25,0.147
avg1muts,ATAGGTTTAGCTAAAT,N331E I332C,2,0.25,0.3798
avg1muts,GACACAATTATACTGC,N331E I332P T333R,3,0.25,0.4758
avg1muts,AAGCGCAAGCTGATGT,N331F,1,0.25,0.1485
avg1muts,ACAATAGGGCAATTCG,N331F I332C,2,0.25,0.3829
avg1muts,AGCGGCGTCTACTACG,N331F I332Q T333R,3,0.25,0.4089
avg1muts,ACCGTGGGCCGCAGGA,N331F I332S T333R,3,0.25,0.5165
avg1muts,GAATGGGGCTTACGGC,N331F I332S T333Y,3,0.25,0.5413
avg1muts,TGTATAGGCCAGCTTC,N331F I332T T333K,3,0.25,0.3619
avg1muts,TCATCAGATCTGATCC,N331F I332V T333Q,3,0.25,0.3595
avg1muts,TGCTATAATCTGGCCC,N331F T333A,2,0.25,0.2442
avg1muts,AAACTTCTTACCAATA,N331F T333N,2,0.25,0.2984
avg1muts,CGGCCAGTGATAACTT,N331G,1,0.25,0.22
avg1muts,CGTTGGAACGAGGGTG,N331G,1,0.25,0.22
avg1muts,GGGAAGTCAACGAAGT,N331G,1,0.25,0.22
avg1muts,GGATCGGCTGCGCCCT,N331G I332A T333R,3,0.25,0.5313
avg1muts,TGAATCGCAGCCCGCT,N331G I332D,2,0.25,0.3818
avg1muts,GGGTTTAGTGAAGGCG,N331G I332D T333P,3,0.25,0.5585
avg1muts,GTGCGAGGGTCGTGTA,N331G I332G T333P,3,0.25,0.5584
avg1muts,GTCTAAAGACAATCTG,N331G I332K T333K,3,0.25,0.5619
avg1muts,CCGTTGCAGTTATCCG,N331G I332S,2,0.25,0.3831
avg1muts,GCCGGGTACGTTATGT,N331G I332V,2,0.25,0.354
avg1muts,GTTTTAAAGATGTTAC,N331G T333E,2,0.25,0.3494
avg1muts,TCTACCGAAAGCTGAC,N331G T333L,2,0.25,0.352
avg1muts,CATTAGGGATTGGACG,N331G T333R,2,0.25,0.3713
avg1muts,CCCGATACTTTAGGGA,N331H,1,0.25,0.1751
avg1muts,TCCGAACATGTCTAGG,N331H,1,0.25,0.1751
avg1muts,TAACTGTCCCTAGCAC,N331H I332E,2,0.25,0.3022
avg1muts,TTTATGTTTGCTCCAG,N331H I332L T333L,3,0.25,0.5293
avg1muts,AGTATACTTCCGATGT,N331H I332Q T333L,3,0.25,0.4151
avg1muts,ATGCAGTCGTAGAGCA,N331I,1,0.25,0.236
avg1muts,CCGCGACAAATTGTTG,N331I I332H,2,0.25,0.3903
avg1muts,GCAGGTGCATGCTATA,N331I I332R,2,0.25,0.3912
avg1muts,TGCTATCAACCGTCTT,N331I I332S T333R,3,0.25,0.5643
avg1muts,TCCTATCGGAAATCGT,N331I T333M,2,0.25,0.3955
avg1muts,CATTAATAACTAATGA,N331K,1,0.25,0.1468
avg1muts,GGTAATAATGGCCAAT,N331K,1,0.25,0.1468
avg1muts,CTTTAAGCCACTATTT,N331K I332K T333V,3,0.25,0.5213
avg1muts,CGAGGGAAGAGGGAGG,N331K I332Q T333H,3,0.25,0.5397
avg1muts,GACACGCCGAACTTCG,N331K I332V T333A,3,0.25,0.3567
avg1muts,CTAGTGCTTGAAGGTT,N331L,1,0.25,0.1474
avg1muts,TAACTACCGGCACTTT,N331L,1,0.25,0.1474
avg1muts,TCTAGTAAGGTGTGAC,N331L,1,0.25,0.1474
avg1muts,ATACTTTTGGACAGGC,N331L I332C,2,0.25,0.3805
avg1muts,TCACACTACCCCGAGT,N331L I332G T333S,3,0.25,0.4691
avg1muts,GGGATATCTGAGCTAC,N331L I332K,2,0.25,0.3653
avg1muts,GTGTGAGGGCATTAAC,N331L I332L,2,0.25,0.3549
avg1muts,TTATAGCATTCTCGTT,N331L I332L,2,0.25,0.3549
avg1muts,TATCAGGCTGCAAGCT,N331L I332L T333A,3,0.25,0.5104
avg1muts,CAGAGGACGGTATAAG,N331L I332M,2,0.25,0.2476
avg1muts,ATGTCACGAGAAGAGT,N331L I332N T333S,3,0.25,0.4719
avg1muts,GAGGGCTCTAGTAAAC,N331L I332Q,2,0.25,0.2424
avg1muts,CCAGAGGGTTTATTGA,N331L I332S T333G,3,0.25,0.4841
avg1muts,ATGAGTACATGCTCGC,N331L I332S T333W,3,0.25,0.4884
avg1muts,CAACCTCGTAACGCTC,N331L I332W,2,0.25,0.2424
avg1muts,ATGAAATCCATGATGT,N331L T333G,2,0.25,0.24
avg1muts,GCCTATGGGTGTCTGT,N331L T333G,2,0.25,0.24
avg1muts,GTTCTCATATGGGTCT,N331L T333S,2,0.25,0.243
avg1muts,CTGAAAGGATTATTCG,N331M I332E T333P,3,0.25,0.4666
avg1muts,CAACCTAGACACTGTC,N331M I332S T333C,3,0.25,0.5135
avg1muts,TACGCCCCAAAAACTT,N331M T333E,2,0.25,0.2349
avg1muts,ATGAGCCGGCCCGCAT,N331P,1,0.25,0.1457
avg1muts,ATGCAGTAGGGGTTGG,N331P,1,0.25,0.1457
avg1muts,CGTTCTTCCGGGCGAC,N331P,1,0.25,0.1457
avg1muts,GCGCCCCTCTCCTGCA,N331P,1,0.25,0.1457
avg1muts,GTATAAGACTCCGGTC,N331P,1,0.25,0.1457
avg1muts,TGTTTCATAACACCGA,N331P,1,0.25,0.1457
avg1muts,TTGGGCACATTCACGA,N331P,1,0.25,0.1457
avg1muts,GAACGGTGTGCCAAGT,N331P I332H T333Q,3,0.25,0.4875
avg1muts,GTACCGGTATAAAACT,N331P I332L,2,0.25,0.3516
avg1muts,CTGGGAATCACGCACC,N331P I332S,2,0.25,0.3344
avg1muts,TCACAAAGCTAGCCAG,N331P I332V,2,0.25,0.2406
avg1muts,ATGCTTAGCTAGATAG,N331P I332W,2,0.25,0.2401
avg1muts,ATGGCTGTTTCGCACC,N331P I332W,2,0.25,0.2401
avg1muts,GTGGGCGCAACTCGGT,N331P T333K,2,0.25,0.2403
avg1muts,AAACGTGCCAGCGCAC,N331P T333R,2,0.25,0.2771
avg1muts,ATAGCAGAATGCCCAA,N331Q,1,0.25,0.1504
avg1muts,CGTGGATGAAGTTCAG,N331Q,1,0.25,0.1504
avg1muts,TGCAGTGAGACAGGGA,N331Q,1,0.25,0.1504
avg1muts,AGATGGGCTCCTGAAC,N331Q I332N T333A,3,0.25,0.4747
avg1muts,AACGCACGTGCCCCCG,N331Q I332W T333S,3,0.25,0.3646
avg1muts,CGCCATAACACTATTC,N331Q T333E,2,0.25,0.2447
avg1muts,GGGATGTACTCGTGGG,N331Q T333N,2,0.25,0.3001
avg1muts,GGGGATGTAAGCTCCC,N331Q T333P,2,0.25,0.3165
avg1muts,AGATCCGTTTGAAGTG,N331R,1,0.25,0.1474
avg1muts,ATTCCCGTAATCTACG,N331R,1,0.25,0.1474
avg1muts,GCACATAGCATCAGCA,N331R,1,0.25,0.1474
avg1muts,GCGCAAAGCCCCTTTG,N331R,1,0.25,0.1474
avg1muts,GGATGAAGTATGGCGT,N331R,1,0.25,0.1474
avg1muts,GTTTGCATCTATGTGC,N331R,1,0.25,0.1474
avg1muts,TAATCCCGTGCGCGCA,N331R,1,0.25,0.1474
avg1muts,TTGCAGAGCGGGTGAT,N331R,1,0.25,0.1474
avg1muts,TGCTCGACAGAAAAGC,N331R I332A T333Y,3,0.25,0.4789
avg1muts,CCATTCTACGGTGATA,N331R I332E T333N,3,0.25,0.4524
avg1muts,GCTCTGTCCGCAGTCT,N331R I332L T333C,3,0.25,0.5359
avg1muts,ACAGTTTTGCGGCTGC,N331R I332M,2,0.25,0.2477
avg1muts,TCTTACTCTCGAGAGA,N331R I332M,2,0.25,0.2477
avg1muts,GCATACTCGACAACGC,N331R I332P T333R,3,0.25,0.4766
avg1muts,AGGATGCGTATCTCAA,N331R I332R T333S,3,0.25,0.4778
avg1muts,GATCAGCTTCGGAGAG,N331R I332T T333G,3,0.25,0.3576
avg1muts,GATACACCGGAGCGGC,N331R I332Y T333V,3,0.25,0.5537
avg1muts,ACGCTCGACAAATTCT,N331R T333L,2,0.25,0.2416
avg1muts,TGAGCTGTGGTTCACG,N331R T333M,2,0.25,0.3745
avg1muts,GGTAAGCTCCTTACTA,N331R T333Q,2,0.25,0.2432
avg1muts,AAACGCAATAGCCCAA,N331S,1,0.25,0.2018
avg1muts,ACGACAGAAAGAACTA,N331S,1,0.25,0.2018
avg1muts,ATATCCTCCCCAGCCA,N331S,1,0.25,0.2018
avg1muts,CCCGGCCAATTAGTGT,N331S,1,0.25,0.2018
avg1muts,CCGCTACACTAGAGAG,N331S,1,0.25,0.2018
avg1muts,TCCATAAATAGCCTAA,N331S,1,0.25,0.2018
avg1muts,CGCGTACTCAGCGAGT,N331S I332A T333L,3,0.25,0.4712
avg1muts,ACTGTTACTTTACCAT,N331S I332E,2,0.25,0.339
avg1muts,TCCGGCTTCACGGACT,N331S I332G T333L,3,0.25,0.5279
avg1muts,TGCAATTTCACTCGAG,N331S I332G T333Y,3,0.25,0.5568
avg1muts,AGTAGAGACGAACTCT,N331S I332K,2,0.25,0.3884
avg1muts,GTGCTGCTGTGTTCGT,N331S I332Q,2,0.25,0.3261
avg1muts,CGGGCAAGACCTCCGA,N331S I332Q T333S,3,0.25,0.4724
avg1muts,TTCCGCAAAATAGGAG,N331S I332S T333Q,3,0.25,0.5365
avg1muts,ATTCGTTCGGGGAATG,N331S I332S T333S,3,0.25,0.5362
avg1muts,TCTCCAAGAAGTACGC,N331S I332V T333G,3,0.25,0.469
avg1muts,CTACAGGATCTTGTCT,N331S I332Y,2,0.25,0.3948
avg1muts,ATAAACTTTCGTACGT,N331S T333C,2,0.25,0.3563
avg1muts,ACGGGTGGACGATATA,N331S T333L,2,0.25,0.3249
avg1muts,CCCTGTAAGATGTCCT,N331S T333P,2,0.25,0.3637
avg1muts,AAATTATACTAGTGTG,N331T,1,0.25,0.1987
avg1muts,CTTAAGATCTGGGTTT,N331T,1,0.25,0.1987
avg1muts,GATCGCACACGGAGGA,N331T,1,0.25,0.1987
avg1muts,GGGATAGGAGACTAGC,N331T,1,0.25,0.1987
avg1muts,CAGGTTGGCCTTTTTC,N331T I332G T333P,3,0.25,0.5488
avg1muts,GCTGGCCGAATGAATC,N331T I332R,2,0.25,0.3697
avg1muts,AAGAAGTGTAGGCGGA,N331T I332R T333F,3,0.25,0.5306
avg1muts,GAGTGTATTTGAGATA,N331T I332R T333Y,3,0.25,0.5562
avg1muts,CCACTAATCCTTAGAT,N331T I332V T333F,3,0.25,0.467
avg1muts,CAAAAGAGGTACCGAA,N331T I332W T333A,3,0.25,0.466
avg1muts,TCCCATGTAACCCGGC,N331T T333C,2,0.25,0.3531
avg1muts,GAGTGATATATAACGG,N331T T333S,2,0.25,0.3223
avg1muts,ACCTCGGTGTCAGATC,N331T T333Y,2,0.25,0.3706
avg1muts,CCCGGTCCTTAGAGAG,N331V,1,0.25,0.1473
avg1muts,GTTTAGACGAGCTGTT,N331V,1,0.25,0.1473
avg1muts,ACTGCTCCAAAATATT,N331V I332G T333A,3,0.25,0.4685
avg1muts,ATGCGCACTAACGTGC,N331V I332P,2,0.25,0.3017
avg1muts,GTTGCAACGGGTTTAT,N331V I332R T333F,3,0.25,0.4774
avg1muts,TAATTTGAGAGCAGTG,N331V T333C,2,0.25,0.2965
avg1muts,CAAAGCCGTGCTTGCA,N331V T333P,2,0.25,0.3135
avg1muts,CTCCCTCGACTACGGG,N331V T333Q,2,0.25,0.243
avg1muts,GGCTGTTAGTTGGTTA,N331V T333R,2,0.25,0.2796
avg1muts,ATCTACGCTTGAGTAC,T333A,1,0.25,0.147
avg1muts,CGCATGAGGGTACACT,T333A,1,0.25,0.147
avg1muts,GACAATGTAGCCGACG,T333A,1,0.25,0.147
avg1muts,GTCTCAGGGGACATTG,T333A,1,0.25,0.147
avg1muts,GTGTTTTCACATCATT,T333A,1,0.25,0.147
avg1muts,AATGAAACGTGCTATG,T333C,1,0.25,0.1818
avg1muts,CACAAGTGCCGAATTT,T333D,1,0.25,0.1481
avg1muts,ACACGTGGCTTACTCA,T333E,1,0.25,0.1448
avg1muts,AGGTTTAGGCGCGACC,T333E,1,0.25,0.1448
avg1muts,CAGAATCTTTTATATA,T333E,1,0.25,0.1448
avg1muts,CGAACTCGCACCGCTT,T333E,1,0.25,0.1448
avg1muts,CTAATACCTGCGTGCA,T333E,1,0.25,0.1448
avg1muts,GGACCATCGGGGTCTA,T333E,1,0.25,0.1448
avg1muts,TATACATACTGTGACG,T333E,1,0.25,0.1448
avg1muts,ACCCAGTATTGTCGAA,T333F,1,0.25,0.1472
avg1muts,ATGCATCTCAGTACAC,T333F,1,0.25,0.1472
avg1muts,ATTTATGCGGAGGACT,T333F,1,0.25,0.1472
avg1muts,CTAAGAAATCGGAAAC,T333F,1,0.25,0.1472
avg1muts,AAAGACGACCGTACTC,T333G,1,0.25,0.145
avg1muts,CGATGGGTATGCTGCG,T333G,1,0.25,0.145
avg1muts,GGCTTATGGTGGGTTG,T333G,1,0.25,0.145
avg1muts,AGTAAGTTGCTAGACC,T333H,1,0.25,0.2357
avg1muts,GTATGCCATTAAACCT,T333H,1,0.25,0.2357
avg1muts,ATCATTCCCAAGAACT,T333K,1,0.25,0.1469
avg1muts,GAGCCTGAACAACGCC,T333K,1,0.25,0.1469
avg1muts,GCATTCCGACCTATAA,T333K,1,0.25,0.1469
avg1muts,AAGTTGCTAAATGCAG,T333L,1,0.25,0.1461
avg1muts,AGTTTCAGGTCTTGGT,T333L,1,0.25,0.1461
avg1muts,GGAGCGCTATCTAAAA,T333L,1,0.25,0.1461
avg1muts,GTAACCGTTTGGTGAT,T333L,1,0.25,0.1461
avg1muts,TCTTCCCCGGGGGAAG,T333L,1,0.25,0.1461
avg1muts,TCTTGTGTCATACCCC,T333L,1,0.25,0.1461
avg1muts,CTAACACTGTCAGACA,T333N,1,0.25,0.1817
avg1muts,GCCTGTAGATAATGCC,T333N,1,0.25,0.1817
avg1muts,TTACTGATTCTAGTCC,T333N,1,0.25,0.1817
avg1muts,ACCTTCTACAAGACTA,T333P,1,0.25,0.1928
avg1muts,ATTAGCACAGAACAGG,T333P,1,0.25,0.1928
avg1muts,GACAGAGGATAGGCGT,T333P,1,0.25,0.1928
avg1muts,GAGTACGACTGACGTA,T333P,1,0.25,0.1928
avg1muts,TCAGGATCCAGTGCCA,T333P,1,0.25,0.1928
avg1muts,TCCTCCAGACTCCCGA,T333P,1,0.25,0.1928
avg1muts,ACGGTGCATTTGCATT,T333Q,1,0.25,0.1473
avg1muts,CATGCCTCCCGAAGCG,T333Q,1,0.25,0.1473
avg1muts,AATGACTAACAGAAGT,T333R,1,0.25,0.1712
avg1muts,AGGCCGCTTGTCTCTG,T333R,1,0.25,0.1712
avg1muts,ATGTACTGGCAGCAGG,T333R,1,0.25,0.1712
avg1muts,CCTGCGTTTTACGGAA,T333R,1,0.25,0.1712
avg1muts,CCTTCCGGGAAAAGAA,T333R,1,0.25,0.1712
avg1muts,GGGCCACTGCGTTCGG,T333R,1,0.25,0.1712
avg1muts,TAATCTTCCACACTGT,T333R,1,0.25,0.1712
avg1muts,ATATCTCCTACACTGG,T333S,1,0.25,0.1472
avg1muts,CGAGCCGTCGCTCCAG,T333S,1,0.25,0.1472
avg1muts,CTAACACGACCTAGTC,T333S,1,0.25,0.1472
avg1muts,GGTTTCATAGCCAGTG,T333S,1,0.25,0.1472
avg1muts,TTAGTTCCGCATAGCC,T333S,1,0.25,0.1472
avg1muts,ACAAGCGCTAATTTGG,T333V,1,0.25,0.1465
avg1muts,AGTGCTTTCCCTAAGT,T333V,1,0.25,0.1465
avg1muts,ATGTTAGACCTGAGGA,T333V,1,0.25,0.1465
avg1muts,CTTTCTCTGTTCCATG,T333V,1,0.25,0.1465
avg1muts,TCTACTAGGGCAGTTT,T333V,1,0.25,0.1465
avg1muts,GTTTTGGATCCGAAGC,T333W,1,0.25,0.1472
avg1muts,AACATTATTAGCATGT,T333Y,1,0.25,0.2045
avg1muts,CTTGTCTGATACCTCA,T333Y,1,0.25,0.2045
avg1muts,CTTTTTTTAGGTTGGC,T333Y,1,0.25,0.2045
avg1muts,TAAGAATACCTTTCAT,T333Y,1,0.25,0.2045
avg1muts,TCGACGTCTAACTTCT,T333Y,1,0.25,0.2045
avg1muts,AAAATTGTAAACAAAG,,0,2,0.002915
avg1muts,AAAGAATAGAACTAAC,,0,2,0.002915
avg1muts,AAAGGGAAGCAGGAGC,,0,2,0.002915
avg1muts,AAAGTGCTCGAGCCAT,,0,2,0.002915
avg1muts,AACAAACCTATCTGGG,,0,2,0.002915
avg1muts,AACCGACGTATATTTT,,0,2,0.002915
avg1muts,AACTACGACAGTAAAA,,0,2,0.002915
avg1muts,AACTGGAATCCCCCAC,,0,2,0.002915
avg1muts,AAGAAGTTCGCGCAGC,,0,2,0.002915
avg1muts,AAGGATTAAAGTAAGC,,0,2,0.002915
avg1muts,AAGGGGAACGATAGAC,,0,2,0.002915
avg1muts,AAGGTGGACCGCACCC,,0,2,0.002915
avg1muts,AAGTAGGTCCGATAAC,,0,2,0.002915
avg1muts,AATAGAGTACGGGCAG,,0,2,0.002915
avg1muts,AATCAGAGTGATCTTT,,0,2,0.002915
avg1muts,AATGAGGGTGCGGATA,,0,2,0.002915
avg1muts,AATTCCGCCTATGCAT,,0,2,0.002915
avg1muts,ACAAGGAGTCTCGGTT,,0,2,0.002915
avg1muts,ACCACTTAATATACAT,,0,2,0.002915
avg1muts,ACCCTACTATCAAGGG,,0,2,0.002915
avg1muts,ACCTACATTCAGCTAG,,0,2,0.002915
avg1muts,ACCTATGGTCTGCAAC,,0,2,0.002915
avg1muts,ACGACGATTCAAGAAT,,0,2,0.002915
avg1muts,ACGCACATCCGCTACA,,0,2,0.002915
avg1muts,ACGCCGCAGTTTATCA,,0,2,0.002915
avg1muts,ACGCGCTTCCACAGCG,,0,2,0.002915
avg1muts,ACTGGGATCCCGCCAT,,0,2,0.002915
avg1muts,ACTTATGACGATCTTG,,0,2,0.002915
avg1muts,AGAAGAGAGCCCCCCT,,0,2,0.002915
avg1muts,AGAAGCGAACGTTCTG,,0,2,0.002915
avg1muts,AGACTACCGGAGCTGG,,0,2,0.002915
avg1muts,AGAGGGTGGTATACGT,,0,2,0.002915
avg1muts,AGATGGTCAGCCTAAG,,0,2,0.002915
avg1muts,AGCACTCGATGATCAC,,0,2,0.002915
avg1muts,AGGGATGTGTTACAAC,,0,2,0.002915
avg1muts,AGGTTATGCGTCTAAC,,0,2,0.002915
avg1muts,AGTCGATACGAGGCCG,,0,2,0.002915
avg1muts,AGTGACCTAAGTGAGC,,0,2,0.002915
avg1muts,AGTGCGACGTGCGCCC,,0,2,0.002915
avg1muts,AGTTCGCATCATAGCC,,0,2,0.002915
avg1muts,AGTTGAACTGCCCCCA,,0,2,0.002915
avg1muts,ATACGGCGATTGCTTC,,0,2,0.002915
avg1muts,ATCCACGGGTCTGGTT,,0,2,0.002915
avg1muts,ATCTCACGTGAGTTAC,,0,2,0.002915
avg1muts,ATGATACACCTCTTAA,,0,2,0.002915
avg1muts,ATGGATTACGGTCTGC,,0,2,0.002915
avg1muts,ATTTCATATGGCCTTC,,0,2,0.002915
avg1muts,CAACAACAACCTGCAA,,0,2,0.002915
avg1muts,CAAGCCACCTTTGGAA,,0,2,0.002915
avg1muts,CAAGCGCTATCCCTAT,,0,2,0.002915
avg1muts,CACTTAGGTCGGTGAC,,0,2,0.002915
avg1muts,CAGGCCTACTAACCAC,,0,2,0.002915
avg1muts,CATAGGGAAACAAATT,,0,2,0.002915
avg1muts,CATCGCTTTAGTTGCA,,0,2,0.002915
avg1muts,CATTACATCATGACAG,,0,2,0.002915
avg1muts,CCAAGTGCAGTTGTAG,,0,2,0.002915
avg1muts,CCACCAATGAGTAAAG,,0,2,0.002915
avg1muts,CCATCACTGTAACCAA,,0,2,0.002915
avg1muts,CCCAGGATTTTGATAC,,0,2,0.002915
avg1muts,CCCATGAAACTAACGT,,0,2,0.002915
avg1muts,CCCCCAAAGTGACGAA,,0,2,0.002915
avg1muts,CCCCCACGCTTGATCT,,0,2,0.002915
avg1muts,CCCTTCAAACTCAAAG,,0,2,0.002915
avg1muts,CCGAAGTCCACTTCTC,,0,2,0.002915
avg1muts,CCGAGCACCACAAGCG,,0,2,0.002915
avg1muts,CCTCGGGAGTAGCCGT,,0,2,0.002915
avg1muts,CCTTCTTCTACAGTGG,,0,2,0.002915
avg1muts,CCTTGCTAAGTACGCT,,0,2,0.002915
avg1muts,CGACCCTTAGCGTATC,,0,2,0.002915
avg1muts,CGCCAATTGCGTCCCT,,0,2,0.002915
avg1muts,CGCCTCGATAGATGTT,,0,2,0.002915
avg1muts,CGCGGCTCAAAAACTC,,0,2,0.002915
avg1muts,CGGAGGCTAGACATCC,,0,2,0.002915
avg1muts,CGGATCGTGGGGATGG,,0,2,0.002915
avg1muts,CGGATTACTCTGGTTG,,0,2,0.002915
avg1muts,CGTATGCGAAGAGGTC,,0,2,0.002915
avg1muts,CTAATACGGCAGATCT,,0,2,0.002915
avg1muts,CTAATGTGTCAGCCCC,,0,2,0.002915
avg1muts,CTACTACAACTGATTC,,0,2,0.002915
avg1muts,CTACTGATACTGGAGA,,0,2,0.002915
avg1muts,CTGGTTGGTTGACTCT,,0,2,0.002915
avg1muts,CTGTCTCCCAGGGCGT,,0,2,0.002915
avg1muts,CTTAGTCAGACCAGTC,,0,2,0.002915
avg1muts,CTTGCCACACATTAGA,,0,2,0.002915
avg1muts,CTTTAATACATTGGCT,,0,2,0.002915
avg1muts,GAAAGGTGGCGCGAGG,,0,2,0.002915
avg1muts,GAAGCAGAGATAAACC,,0,2,0.002915
avg1muts,GAATTGAATTGCTAGG,,0,2,0.002915
avg1muts,GACCAATCTGTGGAGG,,0,2,0.002915
avg1muts,GACCATCGCGTTCAGT,,0,2,0.002915
avg1muts,GAGGATCTTAACTCGG,,0,2,0.002915
avg1muts,GAGGGGTCGGGGAAAA,,0,2,0.002915
avg1muts,GAGGTCCTATGGCTTT,,0,2,0.002915
avg1muts,GAGTATGGATAATCAC,,0,2,0.002915
avg1muts,GATAGTAGTTAAATCA,,0,2,0.002915
avg1muts,GATGACCGATAATTAC,,0,2,0.002915
avg1muts,GATGCCCCGGGATCCA,,0,2,0.002915
avg1muts,GATGTCGCGCTGATTT,,0,2,0.002915
avg1muts,GCCAATTTGAGCCTGT,,0,2,0.002915
avg1muts,GCCCTATAGTCTCCTT,,0,2,0.002915
avg1muts,GCCGCAGGACGTGTGT,,0,2,0.002915
avg1muts,GCCGTATTTGTGGCAT,,0,2,0.002915
avg1muts,GCCTCTCGCAGCGAGG,,0,2,0.002915
avg1muts,GCGATCATTTAGCTAG,,0,2,0.002915
avg1muts,GCGGTGTTTCCATAGC,,0,2,0.002915
avg1muts,GCGTCCTGGATGGTCC,,0,2,0.002915
avg1muts,GGATATGTCTGGCGCC,,0,2,0.002915
avg1muts,GGCTTTGCGTCTTGTA,,0,2,0.002915
avg1muts,GGGTCAATCAGCGAAT,,0,2,0.002915
avg1muts,GGGTCGATTCTGACAC,,0,2,0.002915
avg1muts,GGTATGACTACGAGGC,,0,2,0.002915
avg1muts,GGTGCGAGCTAGACGT,,0,2,0.002915
avg1muts,GTACCTAAACTATGTT,,0,2,0.002915
avg1muts,GTACTAGACGATATGA,,0,2,0.002915
avg1muts,GTAGTAATCGGCCGCT,,0,2,0.002915
avg1muts,GTATCATAACTTATTA,,0,2,0.002915
avg1muts,GTATCTAATAAGACTA,,0,2,0.002915
avg1muts,GTCCATTTGAATTGTT,,0,2,0.002915
avg1muts,GTCCCCGGGGATGATA,,0,2,0.002915
avg1muts,GTGAGCTAAGAGGGTT,,0,2,0.002915
avg1muts,GTGCCCTGCATTTGAT,,0,2,0.002915
avg1muts,GTGGCTTCCACTTAAA,,0,2,0.002915
avg1muts,GTGGGACCTCCGAAAA,,0,2,0.002915
avg1muts,GTGGTGTGATGAAGTA,,0,2,0.002915
avg1muts,GTTAAGGGCCTCCAAG,,0,2,0.002915
avg1muts,GTTACAAAATGTCATT,,0,2,0.002915
avg1muts,GTTATATCTCCGAGTG,,0,2,0.002915
avg1muts,GTTTCATGTAGCCGCG,,0,2,0.002915
avg1muts,TAAAGGGTGTTCTCGG,,0,2,0.002915
avg1muts,TAAATTGTAGGCTGTT,,0,2,0.002915
avg1muts,TAACCACGGAGGTCAG,,0,2,0.002915
avg1muts,TAACGCATTTCCAGCC,,0,2,0.002915
avg1muts,TAAGTCACAACCAAAC,,0,2,0.002915
avg1muts,TAATCCTAGCACGTAG,,0,2,0.002915
avg1muts,TACAAGATGCGTTGAT,,0,2,0.002915
avg1muts,TACCGGTCGCGCAGCC,,0,2,0.002915
avg1muts,TACCTAGCGGATGAAA,,0,2,0.002915
avg1muts,TACTCATGCGCCGAGT,,0,2,0.002915
avg1muts,TACTGGGGGCTCTGGC,,0,2,0.002915
avg1muts,TACTGTCGTTACCAAC,,0,2,0.002915
avg1muts,TAGACCCAAGTTAGAG,,0,2,0.002915
avg1muts,TAGAGGTGCTGCGGTT,,0,2,0.002915
avg1muts,TAGTCCAATCCAGACT,,0,2,0.002915
avg1muts,TATAGATATGGCGGGC,,0,2,0.002915
avg1muts,TATAGTAGTGCCCACG,,0,2,0.002915
avg1muts,TATATGCGGTATGTAT,,0,2,0.002915
avg1muts,TATCTAAGTCGTAAAC,,0,2,0.002915
avg1muts,TATTCCTCGGTTCCAT,,0,2,0.002915
avg1muts,TCAACCAACCATACCC,,0,2,0.002915
avg1muts,TCAATACGGGCTCTAG,,0,2,0.002915
avg1muts,TCGAAGTATTCGTCGG,,0,2,0.002915
avg1muts,TCGATATGAATAGAAA,,0,2,0.002915
avg1muts,TCGGATTCATCGTTTC,,0,2,0.002915
avg1muts,TCGTCCAACCCCTTGC,,0,2,0.002915
avg1muts,TCGTCTTCGGAAGTAC,,0,2,0.002915
avg1muts,TCGTTATATGCTATAC,,0,2,0.002915
avg1muts,TCTACTCGGGGGCTAG,,0,2,0.002915
avg1muts,TCTCGAGAACCTAATC,,0,2,0.002915
avg1muts,TCTTCGGCCCTCAAGA,,0,2,0.002915
avg1muts,TCTTGTCATGGTAACC,,0,2,0.002915
avg1muts,TGAAGTACCTACTCTG,,0,2,0.002915
avg1muts,TGCACCGCAATATTGG,,0,2,0.002915
avg1muts,TGCATGAGCGTTTCAT,,0,2,0.002915
avg1muts,TGCCCGCGCCCACTTG,,0,2,0.002915
avg1muts,TGCTATCGTGTTGTAA,,0,2,0.002915
avg1muts,TGCTGACATAGCCTAT,,0,2,0.002915
avg1muts,TGCTGCTCTCAGCCCT,,0,2,0.002915
avg1muts,TGCTGCTCTCCAGGCA,,0,2,0.002915
avg1muts,TGTAGCGTATGACGTT,,0,2,0.002915
avg1muts,TGTAGGCCCCGCATTG,,0,2,0.002915
avg1muts,TGTTCGGCTTATCTAT,,0,2,0.002915
avg1muts,TGTTGCGCCGAACAGC,,0,2,0.002915
avg1muts,TTACATCCTAGAAACC,,0,2,0.002915
avg1muts,TTAGGGGAATGGTCTG,,0,2,0.002915
avg1muts,TTATGAACAGACAGGC,,0,2,0.002915
avg1muts,TTCACCACATGTAGGT,,0,2,0.002915
avg1muts,TTGGAATCAGGGCCGT,,0,2,0.002915
avg1muts,TTGTAGTTATCGTGCT,,0,2,0.002915
avg1muts,TTGTCACCGATTGGGC,,0,2,0.002915
avg1muts,TTTACCTATCACCCTT,,0,2,0.002915
avg1muts,TTTACTCGGACAATGG,,0,2,0.002915
avg1muts,TTTACTTACCGACGTA,,0,2,0.002915
avg1muts,TTTCACATTCGGTGAC,,0,2,0.002915
avg1muts,TTTGCCGGTTGGTCCG,,0,2,0.002915
avg1muts,TTTGGATAGATCTTGC,,0,2,0.002915
avg1muts,AAGATATCCAAAGAAC,I332A,1,2,0.006097
avg1muts,CGGCGTTATTGTCCAT,I332A,1,2,0.006097
avg1muts,ATGGACGGTTCCCAAC,I332A T333F,2,2,0.01249
avg1muts,TTGAAAGCCTAAAGAT,I332A T333S,2,2,0.0125
avg1muts,CGAGAGACTTACATAG,I332C,1,2,0.02835
avg1muts,GCTCCAAAGGTCGCAC,I332C,1,2,0.02835
avg1muts,TACTAACGGGGCGTAT,I332C,1,2,0.02835
avg1muts,GTAATACTACCGTTAA,I332C T333K,2,2,0.05537
avg1muts,AATACCAGGCCTTATA,I332D,1,2,0.01281
avg1muts,CGCTGGCTCGGGAAAA,I332D,1,2,0.01281
avg1muts,ATCCTTCTACCTCCCG,I332D T333E,2,2,0.02536
avg1muts,GACGCTATAGTTTAGT,I332E,1,2,0.007197
avg1muts,AAGCAACCGCAAAGGG,I332E T333V,2,2,0.01464
avg1muts,AAGATGTGGTGGTCCT,I332F,1,2,0.006105
avg1muts,GAACTCAAGGCTTGGA,I332F,1,2,0.006105
avg1muts,TGAGTACTATCGTGCA,I332F,1,2,0.006105
avg1muts,GGCGAGTTCTTACAGT,I332G T333S,2,2,0.02691
avg1muts,AGCCCGGGCAAAGTTT,I332H,1,2,0.01615
avg1muts,GCCGTAACACGTAACG,I332H,1,2,0.01615
avg1muts,GGTACAAACCGCTCGG,I332H,1,2,0.01615
avg1muts,TGTGCCACCCCTACTG,I332H,1,2,0.01615
avg1muts,ATCTGGGACTGTGACC,I332K,1,2,0.02172
avg1muts,CCGGAGTTCGGGAGCT,I332K,1,2,0.02172
avg1muts,CTGTCATACTGCAAAG,I332K,1,2,0.02172
avg1muts,GAGAGTGGAGATTAGT,I332K,1,2,0.02172
avg1muts,ATGTATCTTAATACAG,I332K T333L,2,2,0.0427
avg1muts,CAGATTGTGATATTTC,I332L,1,2,0.0194
avg1muts,GAGGGCGCCGAAGGCG,I332L,1,2,0.0194
avg1muts,TCGGTCGTTAGTTACG,I332L,1,2,0.0194
avg1muts,TGTTACTGCTAAACTT,I332L,1,2,0.0194
avg1muts,ACACGACAAGATTCTA,I332L T333G,2,2,0.03797
avg1muts,TAAATCGGAACTTGGG,I332L T333P,2,2,0.05412
avg1muts,GCTGCTGGTGTCACAC,I332L T333Q,2,2,0.03872
avg1muts,GCTTTCAGGCTCGACC,I332L T333S,2,2,0.03868
avg1muts,TTCATTCTCCCCTATT,I332L T333S,2,2,0.03868
avg1muts,CGGGCTAGCAAACCAA,I332L T333V,2,2,0.03847
avg1muts,ACGCCAACACCCGTCA,I332M,1,2,0.006281
avg1muts,TGGCGCGGAAAGGCCT,I332N,1,2,0.01392
avg1muts,TTGTTTCCTCGCCCAC,I332N,1,2,0.01392
avg1muts,TCTTCTTATCCTAATA,I332N T333G,2,2,0.02756
avg1muts,ACCATATGCACCCTTC,I332P,1,2,0.0107
avg1muts,ATGACTGGGATGCCGT,I332P,1,2,0.0107
avg1muts,CAATGGGGACGATTTG,I332P,1,2,0.0107
avg1muts,CAGGCCGAGTGCGGAA,I332P,1,2,0.0107
avg1muts,GCTCTGTCGACTTGTA,I332P,1,2,0.0107
avg1muts,GGGATTGAGCGCGACT,I332P,1,2,0.0107
avg1muts,GCCCTATCGGGTAATC,I332P T333A,2,2,0.02169
avg1muts,GGCATTATAGGCCCTC,I332P T333L,2,2,0.02153
avg1muts,AGACGTCTCGTGGTAA,I332P T333Q,2,2,0.02175
avg1muts,AGTATAGAGAGCTTTA,I332Q T333C,2,2,0.0204
avg1muts,AGGGTTAAGCGACACC,I332Q T333R,2,2,0.01713
avg1muts,ACCGCACCGCCACAAC,I332R,1,2,0.01433
avg1muts,ATTAACCAATACGGCA,I332R,1,2,0.01433
avg1muts,CTTTTTAGTAGGTCGG,I332R,1,2,0.01433
avg1muts,TGCTGCGCCAATAAAC,I332R,1,2,0.01433
avg1muts,CAGCGCCTCCGTACTG,I332R T333L,2,2,0.0286
avg1muts,ATGGCTCTAGTTGCAA,I332S,1,2,0.01591
avg1muts,CCCCCGACAGTTCCGA,I332S,1,2,0.01591
avg1muts,GGCACATTGCCCACGC,I332S,1,2,0.01591
avg1muts,GTTCAGGCTCCCCCGT,I332S,1,2,0.01591
avg1muts,TAAGCTCAATAATAAA,I332S,1,2,0.01591
avg1muts,TGTATGCTGAGCTAGC,I332S,1,2,0.01591
avg1muts,TACGATATAGACCCCG,I332S T333H,2,2,0.06781
avg1muts,GTGGGGCGTGACTAAA,I332S T333L,2,2,0.03166
avg1muts,TTCACTTAATCGTTTG,I332S T333P,2,2,0.048
avg1muts,GACCACGTTGTGAAAA,I332S T333R,2,2,0.03965
avg1muts,AGCCATGATTGTGTCC,I332T,1,2,0.006202
avg1muts,ATACCCTCTTGAGGCT,I332T,1,2,0.006202
avg1muts,GCGGCGCAATTTCTTG,I332T,1,2,0.006202
avg1muts,TTTATGCTTGGGTGCA,I332T,1,2,0.006202
avg1muts,TTTGACAGTAGGCGAG,I332T T333F,2,2,0.0127
avg1muts,AGTGGCTAGCCTGCAC,I332T T333L,2,2,0.01259
avg1muts,CCTCCTTAGCAAAACC,I332T T333P,2,2,0.02482
avg1muts,ACAGGCTCTGTTGAAT,I332V,1,2,0.006091
avg1muts,TAGAAGCTTCATCCCA,I332V,1,2,0.006091
avg1muts,TTGGGCATCTGGTTTC,I332V T333C,2,2,0.02046
avg1muts,ACACTTAGTCTCGGGC,I332Y,1,2,0.03262
avg1muts,CCGAAGGGCGGACCAC,I332Y,1,2,0.03262
avg1muts,CCGTGTAGCAACACAA,I332Y,1,2,0.03262
avg1muts,CCTCACAGAATCAGTC,I332Y,1,2,0.03262
avg1muts,CGAGAATGGTAGGTGT,I332Y,1,2,0.03262
avg1muts,TGGGACCATCCGTCGG,I332Y,1,2,0.03262
avg1muts,CCAATAAAAAATCCGG,N331A,1,2,0.006187
avg1muts,GCATAAATCACAACAC,N331A,1,2,0.006187
avg1muts,GGTAGTTCTGTGTGGT,N331A,1,2,0.006187
avg1muts,TATGTCACTTATGTGT,N331A,1,2,0.006187
avg1muts,TAAACCTAGAGGCGAT,N331A I332A,2,2,0.01269
avg1muts,TTATCTAATCAGTTCT,N331A I332C,2,2,0.05632
avg1muts,GAGCGTTTAGATCACG,N331A I332D T333R,3,2,0.0651
avg1muts,ATACTACACAGAATTC,N331A I332G,2,2,0.02731
avg1muts,GAGGAAAAGGGGTGTG,N331A I332T,2,2,0.0129
avg1muts,TCTAGACTGTCCCTGA,N331A I332T,2,2,0.0129
avg1muts,TAACGATTCGTTCGAC,N331A I332V,2,2,0.01267
avg1muts,CCATTAGTCCTGTGAG,N331A T333H,2,2,0.05475
avg1muts,GTGTTGAACTGCTGAG,N331A T333H,2,2,0.05475
avg1muts,AAGACGGAGTGTATGT,N331D,1,2,0.01119
avg1muts,TGAGCGCTCTGTGTCG,N331D,1,2,0.01119
avg1muts,CAGATCCAATATTCGC,N331D I332H T333H,3,2,0.14
avg1muts,AGCGCCTCCGGCTAGC,N331D I332K T333C,3,2,0.1255
avg1muts,TGTCAATAGATTGCTC,N331D I332L,2,2,0.05419
avg1muts,ACGTTTCGACCGTAAC,N331D T333F,2,2,0.02267
avg1muts,TCGTGGAAGGCGGTAG,N331D T333K,2,2,0.02263
avg1muts,CCACAGCTGTGACCCA,N331D T333R,2,2,0.02974
avg1muts,CCATACGAAAGGTGGG,N331E,1,2,0.006085
avg1muts,ATAGGTTTAGCTAAAT,N331E I332C,2,2,0.05542
avg1muts,GACACAATTATACTGC,N331E I332P T333R,3,2,0.05522
avg1muts,AAGCGCAAGCTGATGT,N331F,1,2,0.006164
avg1muts,ACAATAGGGCAATTCG,N331F I332C,2,2,0.05611
avg1muts,AGCGGCGTCTACTACG,N331F I332Q T333R,3,2,0.03407
avg1muts,ACCGTGGGCCGCAGGA,N331F I332S T333R,3,2,0.07697
avg1muts,GAATGGGGCTTACGGC,N331F I332S T333Y,3,2,0.1009
avg1muts,TGTATAGGCCAGCTTC,N331F I332T T333K,3,2,0.02534
avg1muts,TCATCAGATCTGATCC,N331F I332V T333Q,3,2,0.02501
avg1muts,TGCTATAATCTGGCCC,N331F T333A,2,2,0.01261
avg1muts,AAACTTCTTACCAATA,N331F T333N,2,2,0.02068
avg1muts,CGGCCAGTGATAACTT,N331G,1,2,0.0191
avg1muts,CGTTGGAACGAGGGTG,N331G,1,2,0.0191
avg1muts,GGGAAGTCAACGAAGT,N331G,1,2,0.0191
avg1muts,GGATCGGCTGCGCCCT,N331G I332A T333R,3,2,0.08782
avg1muts,TGAATCGCAGCCCGCT,N331G I332D,2,2,0.05549
avg1muts,GGGTTTAGTGAAGGCG,N331G I332D T333P,3,2,0.1234
avg1muts,GTGCGAGGGTCGTGTA,N331G I332G T333P,3,2,0.124
avg1muts,GTCTAAAGACAATCTG,N331G I332K T333K,3,2,0.1251
avg1muts,CCGTTGCAGTTATCCG,N331G I332S,2,2,0.05969
avg1muts,GCCGGGTACGTTATGT,N331G I332V,2,2,0.0381
avg1muts,GTTTTAAAGATGTTAC,N331G T333E,2,2,0.03734
avg1muts,TCTACCGAAAGCTGAC,N331G T333L,2,2,0.03776
avg1muts,CATTAGGGATTGGACG,N331G T333R,2,2,0.04601
avg1muts,CCCGATACTTTAGGGA,N331H,1,2,0.009086
avg1muts,TCCGAACATGTCTAGG,N331H,1,2,0.009086
avg1muts,TAACTGTCCCTAGCAC,N331H I332E,2,2,0.02147
avg1muts,TTTATGTTTGCTCCAG,N331H I332L T333L,3,2,0.09043
avg1muts,AGTATACTTCCGATGT,N331H I332Q T333L,3,2,0.03597
avg1muts,ATGCAGTCGTAGAGCA,N331I,1,2,0.02768
avg1muts,CCGCGACAAATTGTTG,N331I I332H,2,2,0.06839
avg1muts,GCAGGTGCATGCTATA,N331I I332R,2,2,0.06745
avg1muts,TGCTATCAACCGTCTT,N331I I332S T333R,3,2,0.1327
avg1muts,TCCTATCGGAAATCGT,N331I T333M,2,2,0.07328
avg1muts,CATTAATAACTAATGA,N331K,1,2,0.006073
avg1muts,GGTAATAATGGCCAAT,N331K,1,2,0.006073
avg1muts,CTTTAAGCCACTATTT,N331K I332K T333V,3,2,0.08184
avg1muts,CGAGGGAAGAGGGAGG,N331K I332Q T333H,3,2,0.1015
avg1muts,GACACGCCGAACTTCG,N331K I332V T333A,3,2,0.02461
avg1muts,CTAGTGCTTGAAGGTT,N331L,1,2,0.006103
avg1muts,TAACTACCGGCACTTT,N331L,1,2,0.006103
avg1muts,TCTAGTAAGGTGTGAC,N331L,1,2,0.006103
avg1muts,ATACTTTTGGACAGGC,N331L I332C,2,2,0.05558
avg1muts,TCACACTACCCCGAGT,N331L I332G T333S,3,2,0.0525
avg1muts,GGGATATCTGAGCTAC,N331L I332K,2,2,0.04316
avg1muts,GTGTGAGGGCATTAAC,N331L I332L,2,2,0.03874
avg1muts,TTATAGCATTCTCGTT,N331L I332L,2,2,0.03874
avg1muts,TATCAGGCTGCAAGCT,N331L I332L T333A,3,2,0.0744
avg1muts,CAGAGGACGGTATAAG,N331L I332M,2,2,0.01288
avg1muts,ATGTCACGAGAAGAGT,N331L I332N T333S,3,2,0.05478
avg1muts,GAGGGCTCTAGTAAAC,N331L I332Q,2,2,0.01247
avg1muts,CCAGAGGGTTTATTGA,N331L I332S T333G,3,2,0.06098
avg1muts,ATGAGTACATGCTCGC,N331L I332S T333W,3,2,0.06205
avg1muts,CAACCTCGTAACGCTC,N331L I332W,2,2,0.01247
avg1muts,ATGAAATCCATGATGT,N331L T333G,2,2,0.01228
avg1muts,GCCTATGGGTGTCTGT,N331L T333G,2,2,0.01228
avg1muts,GTTCTCATATGGGTCT,N331L T333S,2,2,0.01251
avg1muts,CTGAAAGGATTATTCG,N331M I332E T333P,3,2,0.05277
avg1muts,CAACCTAGACACTGTC,N331M I332S T333C,3,2,0.08133
avg1muts,TACGCCCCAAAAACTT,N331M T333E,2,2,0.01189
avg1muts,ATGAGCCGGCCCGCAT,N331P,1,2,0.006012
avg1muts,ATGCAGTAGGGGTTGG,N331P,1,2,0.006012
avg1muts,CGTTCTTCCGGGCGAC,N331P,1,2,0.006012
avg1muts,GCGCCCCTCTCCTGCA,N331P,1,2,0.006012
avg1muts,GTATAAGACTCCGGTC,N331P,1,2,0.006012
avg1muts,TGTTTCATAACACCGA,N331P,1,2,0.006012
avg1muts,TTGGGCACATTCACGA,N331P,1,2,0.006012
avg1muts,GAACGGTGTGCCAAGT,N331P I332H T333Q,3,2,0.06213
avg1muts,GTACCGGTATAAAACT,N331P I332L,2,2,0.03818
avg1muts,CTGGGAATCACGCACC,N331P I332S,2,2,0.03155
avg1muts,TCACAAAGCTAGCCAG,N331P I332V,2,2,0.01233
avg1muts,ATGCTTAGCTAGATAG,N331P I332W,2,2,0.01229
avg1muts,ATGGCTGTTTCGCACC,N331P I332W,2,2,0.01229
avg1muts,GTGGGCGCAACTCGGT,N331P T333K,2,2,0.0123
avg1muts,AAACGTGCCAGCGCAC,N331P T333R,2,2,0.01698
avg1muts,ATAGCAGAATGCCCAA,N331Q,1,2,0.006403
avg1muts,CGTGGATGAAGTTCAG,N331Q,1,2,0.006403
avg1muts,TGCAGTGAGACAGGGA,N331Q,1,2,0.006403
avg1muts,AGATGGGCTCCTGAAC,N331Q I332N T333A,3,2,0.0565
avg1muts,AACGCACGTGCCCCCG,N331Q I332W T333S,3,2,0.02588
avg1muts,CGCCATAACACTATTC,N331Q T333E,2,2,0.01285
avg1muts,GGGATGTACTCGTGGG,N331Q T333N,2,2,0.02133
avg1muts,GGGGATGTAAGCTCCC,N331Q T333P,2,2,0.02535
avg1muts,AGATCCGTTTGAAGTG,N331R,1,2,0.006105
avg1muts,ATTCCCGTAATCTACG,N331R,1,2,0.006105
avg1muts,GCACATAGCATCAGCA,N331R,1,2,0.006105
avg1muts,GCGCAAAGCCCCTTTG,N331R,1,2,0.006105
avg1muts,GGATGAAGTATGGCGT,N331R,1,2,0.006105
avg1muts,GTTTGCATCTATGTGC,N331R,1,2,0.006105
avg1muts,TAATCCCGTGCGCGCA,N331R,1,2,0.006105
avg1muts,TTGCAGAGCGGGTGAT,N331R,1,2,0.006105
avg1muts,TGCTCGACAGAAAAGC,N331R I332A T333Y,3,2,0.05653
avg1muts,CCATTCTACGGTGATA,N331R I332E T333N,3,2,0.04622
avg1muts,GCTCTGTCCGCAGTCT,N331R I332L T333C,3,2,0.09554
avg1muts,ACAGTTTTGCGGCTGC,N331R I332M,2,2,0.01289
avg1muts,TCTTACTCTCGAGAGA,N331R I332M,2,2,0.01289
avg1muts,GCATACTCGACAACGC,N331R I332P T333R,3,2,0.05539
avg1muts,AGGATGCGTATCTCAA,N331R I332R T333S,3,2,0.05624
avg1muts,GATCAGCTTCGGAGAG,N331R I332T T333G,3,2,0.02474
avg1muts,GATACACCGGAGCGGC,N331R I332Y T333V,3,2,0.1182
avg1muts,ACGCTCGACAAATTCT,N331R T333L,2,2,0.0124
avg1muts,TGAGCTGTGGTTCACG,N331R T333M,2,2,0.05085
avg1muts,GGTAAGCTCCTTACTA,N331R T333Q,2,2,0.01253
avg1muts,AAACGCAATAGCCCAA,N331S,1,2,0.01382
avg1muts,ACGACAGAAAGAACTA,N331S,1,2,0.01382
avg1muts,ATATCCTCCCCAGCCA,N331S,1,2,0.01382
avg1muts,CCCGGCCAATTAGTGT,N331S,1,2,0.01382
avg1muts,CCGCTACACTAGAGAG,N331S,1,2,0.01382
avg1muts,TCCATAAATAGCCTAA,N331S,1,2,0.01382
avg1muts,CGCGTACTCAGCGAGT,N331S I332A T333L,3,2,0.05383
avg1muts,ACTGTTACTTTACCAT,N331S I332E,2,2,0.03156
avg1muts,TCCGGCTTCACGGACT,N331S I332G T333L,3,2,0.08891
avg1muts,TGCAATTTCACTCGAG,N331S I332G T333Y,3,2,0.1198
avg1muts,AGTAGAGACGAACTCT,N331S I332K,2,2,0.06094
avg1muts,GTGCTGCTGTGTTCGT,N331S I332Q,2,2,0.02778
avg1muts,CGGGCAAGACCTCCGA,N331S I332Q T333S,3,2,0.05409
avg1muts,TTCCGCAAAATAGGAG,N331S I332S T333Q,3,2,0.098
avg1muts,ATTCGTTCGGGGAATG,N331S I332S T333S,3,2,0.09791
avg1muts,TCTCCAAGAAGTACGC,N331S I332V T333G,3,2,0.05332
avg1muts,CTACAGGATCTTGTCT,N331S I332Y,2,2,0.07142
avg1muts,ATAAACTTTCGTACGT,N331S T333C,2,2,0.03958
avg1muts,ACGGGTGGACGATATA,N331S T333L,2,2,0.02762
avg1muts,CCCTGTAAGATGTCCT,N331S T333P,2,2,0.04418
avg1muts,AAATTATACTAGTGTG,N331T,1,2,0.01319
avg1muts,CTTAAGATCTGGGTTT,N331T,1,2,0.01319
avg1muts,GATCGCACACGGAGGA,N331T,1,2,0.01319
avg1muts,GGGATAGGAGACTAGC,N331T,1,2,0.01319
avg1muts,CAGGTTGGCCTTTTTC,N331T I332G T333P,3,2,0.1118
avg1muts,GCTGGCCGAATGAATC,N331T I332R,2,2,0.04766
avg1muts,AAGAAGTGTAGGCGGA,N331T I332R T333F,3,2,0.09079
avg1muts,GAGTGTATTTGAGATA,N331T I332R T333Y,3,2,0.1202
avg1muts,CCACTAATCCTTAGAT,N331T I332V T333F,3,2,0.05188
avg1muts,CAAAAGAGGTACCGAA,N331T I332W T333A,3,2,0.05166
avg1muts,TCCCATGTAACCCGGC,N331T T333C,2,2,0.0382
avg1muts,GAGTGATATATAACGG,N331T T333S,2,2,0.02664
avg1muts,ACCTCGGTGTCAGATC,N331T T333Y,2,2,0.04787
avg1muts,CCCGGTCCTTAGAGAG,N331V,1,2,0.006097
avg1muts,GTTTAGACGAGCTGTT,N331V,1,2,0.006097
avg1muts,ACTGCTCCAAAATATT,N331V I332G T333A,3,2,0.05237
avg1muts,ATGCGCACTAACGTGC,N331V I332P,2,2,0.02174
avg1muts,GTTGCAACGGGTTTAT,N331V I332R T333F,3,2,0.05615
avg1muts,TAATTTGAGAGCAGTG,N331V T333C,2,2,0.02048
avg1muts,CAAAGCCGTGCTTGCA,N331V T333P,2,2,0.02441
avg1muts,CTCCCTCGACTACGGG,N331V T333Q,2,2,0.01251
avg1muts,GGCTGTTAGTTGGTTA,N331V T333R,2,2,0.01721
avg1muts,ATCTACGCTTGAGTAC,T333A,1,2,0.006082
avg1muts,CGCATGAGGGTACACT,T333A,1,2,0.006082
avg1muts,GACAATGTAGCCGACG,T333A,1,2,0.006082
avg1muts,GTCTCAGGGGACATTG,T333A,1,2,0.006082
avg1muts,GTGTTTTCACATCATT,T333A,1,2,0.006082
avg1muts,AATGAAACGTGCTATG,T333C,1,2,0.01007
avg1muts,CACAAGTGCCGAATTT,T333D,1,2,0.006144
avg1muts,ACACGTGGCTTACTCA,T333E,1,2,0.005965
avg1muts,AGGTTTAGGCGCGACC,T333E,1,2,0.005965
avg1muts,CAGAATCTTTTATATA,T333E,1,2,0.005965
avg1muts,CGAACTCGCACCGCTT,T333E,1,2,0.005965
avg1muts,CTAATACCTGCGTGCA,T333E,1,2,0.005965
avg1muts,GGACCATCGGGGTCTA,T333E,1,2,0.005965
avg1muts,TATACATACTGTGACG,T333E,1,2,0.005965
avg1muts,ACCCAGTATTGTCGAA,T333F,1,2,0.006091
avg1muts,ATGCATCTCAGTACAC,T333F,1,2,0.006091
avg1muts,ATTTATGCGGAGGACT,T333F,1,2,0.006091
avg1muts,CTAAGAAATCGGAAAC,T333F,1,2,0.006091
avg1muts,AAAGACGACCGTACTC,T333G,1,2,0.005977
avg1muts,CGATGGGTATGCTGCG,T333G,1,2,0.005977
avg1muts,GGCTTATGGTGGGTTG,T333G,1,2,0.005977
avg1muts,AGTAAGTTGCTAGACC,T333H,1,2,0.02751
avg1muts,GTATGCCATTAAACCT,T333H,1,2,0.02751
avg1muts,ATCATTCCCAAGAACT,T333K,1,2,0.006079
avg1muts,GAGCCTGAACAACGCC,T333K,1,2,0.006079
avg1muts,GCATTCCGACCTATAA,T333K,1,2,0.006079
avg1muts,AAGTTGCTAAATGCAG,T333L,1,2,0.006035
avg1muts,AGTTTCAGGTCTTGGT,T333L,1,2,0.006035
avg1muts,GGAGCGCTATCTAAAA,T333L,1,2,0.006035
avg1muts,GTAACCGTTTGGTGAT,T333L,1,2,0.006035
avg1muts,TCTTCCCCGGGGGAAG,T333L,1,2,0.006035
avg1muts,TCTTGTGTCATACCCC,T333L,1,2,0.006035
avg1muts,CTAACACTGTCAGACA,T333N,1,2,0.01006
avg1muts,GCCTGTAGATAATGCC,T333N,1,2,0.01006
avg1muts,TTACTGATTCTAGTCC,T333N,1,2,0.01006
avg1muts,ACCTTCTACAAGACTA,T333P,1,2,0.01205
avg1muts,ATTAGCACAGAACAGG,T333P,1,2,0.01205
avg1muts,GACAGAGGATAGGCGT,T333P,1,2,0.01205
avg1muts,GAGTACGACTGACGTA,T333P,1,2,0.01205
avg1muts,TCAGGATCCAGTGCCA,T333P,1,2,0.01205
avg1muts,TCCTCCAGACTCCCGA,T333P,1,2,0.01205
avg1muts,ACGGTGCATTTGCATT,T333Q,1,2,0.0061
avg1muts,CATGCCTCCCGAAGCG,T333Q,1,2,0.0061
avg1muts,AATGACTAACAGAAGT,T333R,1,2,0.008433
avg1muts,AGGCCGCTTGTCTCTG,T333R,1,2,0.008433
avg1muts,ATGTACTGGCAGCAGG,T333R,1,2,0.008433
avg1muts,CCTGCGTTTTACGGAA,T333R,1,2,0.008433
avg1muts,CCTTCCGGGAAAAGAA,T333R,1,2,0.008433
avg1muts,GGGCCACTGCGTTCGG,T333R,1,2,0.008433
avg1muts,TAATCTTCCACACTGT,T333R,1,2,0.008433
avg1muts,ATATCTCCTACACTGG,T333S,1,2,0.006094
avg1muts,CGAGCCGTCGCTCCAG,T333S,1,2,0.006094
avg1muts,CTAACACGACCTAGTC,T333S,1,2,0.006094
avg1muts,GGTTTCATAGCCAGTG,T333S,1,2,0.006094
avg1muts,TTAGTTCCGCATAGCC,T333S,1,2,0.006094
avg1muts,ACAAGCGCTAATTTGG,T333V,1,2,0.006059
avg1muts,AGTGCTTTCCCTAAGT,T333V,1,2,0.006059
avg1muts,ATGTTAGACCTGAGGA,T333V,1,2,0.006059
avg1muts,CTTTCTCTGTTCCATG,T333V,1,2,0.006059
avg1muts,TCTACTAGGGCAGTTT,T333V,1,2,0.006059
avg1muts,GTTTTGGATCCGAAGC,T333W,1,2,0.006094
avg1muts,AACATTATTAGCATGT,T333Y,1,2,0.0144
avg1muts,CTTGTCTGATACCTCA,T333Y,1,2,0.0144
avg1muts,CTTTTTTTAGGTTGGC,T333Y,1,2,0.0144
avg1muts,TAAGAATACCTTTCAT,T333Y,1,2,0.0144
avg1muts,TCGACGTCTAACTTCT,T333Y,1,2,0.0144
