epitope,site,wildtype,mutant,mutation,mean,median,n_bootstrap_replicates,frac_bootstrap_replicates,times_seen
class 1,446,G,A,G446A,0.5,0.2,5,1.0,13
class 1,446,G,C,G446C,1.7,1.6,5,1.0,10
class 1,446,G,D,G446D,0.3,-0.0,5,1.0,20
class 1,446,G,E,G446E,0.6,0.7,5,1.0,14
class 1,446,G,F,G446F,1.5,1.5,5,1.0,9
class 1,446,G,H,G446H,-0.3,-0.2,5,1.0,6
class 1,446,G,I,G446I,0.5,0.5,5,1.0,18
class 1,446,G,K,G446K,0.7,0.7,5,1.0,5
class 1,446,G,L,G446L,1.5,1.5,5,1.0,25
class 1,446,G,M,G446M,1.7,1.7,5,1.0,5
class 1,446,G,N,G446N,0.6,0.6,5,1.0,12
class 1,446,G,P,G446P,1.5,1.4,5,1.0,15
class 1,446,G,Q,G446Q,1.1,1.2,5,1.0,7
class 1,446,G,R,G446R,1.2,1.0,5,1.0,38
class 1,446,G,S,G446S,0.6,0.4,5,1.0,21
class 1,446,G,T,G446T,0.7,0.7,5,1.0,24
class 1,446,G,V,G446V,1.4,1.5,5,1.0,19
class 1,446,G,W,G446W,1.1,1.1,5,1.0,6
class 1,446,G,Y,G446Y,0.2,0.3,5,1.0,10
class 1,484,E,A,E484A,3.6,3.6,5,1.0,20
class 1,484,E,C,E484C,3.1,3.1,5,1.0,11
class 1,484,E,D,E484D,3.0,3.2,5,1.0,12
class 1,484,E,F,E484F,2.7,2.5,5,1.0,6
class 1,484,E,G,E484G,0.4,0.5,5,1.0,17
class 1,484,E,H,E484H,3.0,3.0,5,1.0,14
class 1,484,E,I,E484I,3.0,3.3,5,1.0,17
class 1,484,E,K,E484K,1.4,1.4,5,1.0,10
class 1,484,E,L,E484L,3.5,3.5,5,1.0,33
class 1,484,E,M,E484M,1.7,1.5,5,1.0,5
class 1,484,E,N,E484N,2.5,2.5,5,1.0,10
class 1,484,E,P,E484P,2.3,2.2,5,1.0,15
class 1,484,E,Q,E484Q,1.8,1.6,5,1.0,9
class 1,484,E,R,E484R,1.6,1.8,5,1.0,30
class 1,484,E,S,E484S,2.9,2.9,5,1.0,35
class 1,484,E,T,E484T,0.8,1.0,5,1.0,14
class 1,484,E,V,E484V,2.5,2.5,5,1.0,21
class 1,484,E,W,E484W,2.7,2.7,5,1.0,4
class 1,484,E,Y,E484Y,3.9,4.0,5,1.0,14
class 1,501,N,A,N501A,2.0,2.4,5,1.0,18
class 1,501,N,C,N501C,1.7,1.8,5,1.0,14
class 1,501,N,F,N501F,1.2,1.2,5,1.0,16
class 1,501,N,G,N501G,0.9,0.6,5,1.0,23
class 1,501,N,H,N501H,0.8,0.9,5,1.0,8
class 1,501,N,I,N501I,1.5,1.6,5,1.0,9
class 1,501,N,L,N501L,1.9,1.9,5,1.0,31
class 1,501,N,M,N501M,1.4,1.4,5,1.0,4
class 1,501,N,P,N501P,1.2,1.1,5,1.0,18
class 1,501,N,Q,N501Q,0.9,0.9,5,1.0,7
class 1,501,N,R,N501R,1.9,2.0,5,1.0,35
class 1,501,N,S,N501S,1.3,1.3,5,1.0,22
class 1,501,N,T,N501T,2.0,1.9,5,1.0,16
class 1,501,N,V,N501V,1.6,1.5,5,1.0,20
class 1,501,N,W,N501W,0.8,0.6,5,1.0,8
class 1,501,N,Y,N501Y,1.7,1.7,5,1.0,14
class 2,446,G,A,G446A,0.5,0.4,5,1.0,13
class 2,446,G,C,G446C,0.5,0.4,5,1.0,10
class 2,446,G,D,G446D,0.7,0.8,5,1.0,20
class 2,446,G,E,G446E,0.3,0.3,5,1.0,14
class 2,446,G,F,G446F,0.4,0.4,5,1.0,9
class 2,446,G,H,G446H,1.1,1.2,5,1.0,6
class 2,446,G,I,G446I,0.7,0.6,5,1.0,18
class 2,446,G,K,G446K,0.6,0.7,5,1.0,5
class 2,446,G,L,G446L,0.6,0.6,5,1.0,25
class 2,446,G,M,G446M,0.7,0.7,5,1.0,5
class 2,446,G,N,G446N,0.7,0.7,5,1.0,12
class 2,446,G,P,G446P,0.5,0.5,5,1.0,15
class 2,446,G,Q,G446Q,0.6,0.4,5,1.0,7
class 2,446,G,R,G446R,0.5,0.6,5,1.0,38
class 2,446,G,S,G446S,0.5,0.4,5,1.0,21
class 2,446,G,T,G446T,0.2,0.1,5,1.0,24
class 2,446,G,V,G446V,0.6,0.6,5,1.0,19
class 2,446,G,W,G446W,0.4,0.3,5,1.0,6
class 2,446,G,Y,G446Y,0.8,0.8,5,1.0,10
class 2,484,E,A,E484A,6.1,6.1,5,1.0,20
class 2,484,E,C,E484C,6.2,6.3,5,1.0,11
class 2,484,E,D,E484D,5.9,5.8,5,1.0,12
class 2,484,E,F,E484F,5.9,5.8,5,1.0,6
class 2,484,E,G,E484G,4.9,5.3,5,1.0,17
class 2,484,E,H,E484H,6.6,6.6,5,1.0,14
class 2,484,E,I,E484I,6.2,6.1,5,1.0,17
class 2,484,E,K,E484K,5.5,5.6,5,1.0,10
class 2,484,E,L,E484L,6.0,6.2,5,1.0,33
class 2,484,E,M,E484M,5.4,5.5,5,1.0,5
class 2,484,E,N,E484N,6.4,6.2,5,1.0,10
class 2,484,E,P,E484P,5.4,5.3,5,1.0,15
class 2,484,E,Q,E484Q,4.9,5.2,5,1.0,9
class 2,484,E,R,E484R,5.4,5.5,5,1.0,30
class 2,484,E,S,E484S,5.8,5.9,5,1.0,35
class 2,484,E,T,E484T,5.3,5.4,5,1.0,14
class 2,484,E,V,E484V,5.4,5.5,5,1.0,21
class 2,484,E,W,E484W,5.6,5.8,5,1.0,4
class 2,484,E,Y,E484Y,6.3,6.4,5,1.0,14
class 2,501,N,A,N501A,0.5,0.5,5,1.0,18
class 2,501,N,C,N501C,0.5,0.5,5,1.0,14
class 2,501,N,F,N501F,0.8,0.8,5,1.0,16
class 2,501,N,G,N501G,0.5,0.5,5,1.0,23
class 2,501,N,H,N501H,0.6,0.5,5,1.0,8
class 2,501,N,I,N501I,0.7,0.7,5,1.0,9
class 2,501,N,L,N501L,0.7,0.7,5,1.0,31
class 2,501,N,M,N501M,0.4,0.4,5,1.0,4
class 2,501,N,P,N501P,0.2,0.3,5,1.0,18
class 2,501,N,Q,N501Q,0.8,0.7,5,1.0,7
class 2,501,N,R,N501R,0.8,0.8,5,1.0,35
class 2,501,N,S,N501S,0.6,0.5,5,1.0,22
class 2,501,N,T,N501T,0.7,0.6,5,1.0,16
class 2,501,N,V,N501V,0.5,0.5,5,1.0,20
class 2,501,N,W,N501W,1.1,1.1,5,1.0,8
class 2,501,N,Y,N501Y,0.5,0.6,5,1.0,14
class 3,446,G,A,G446A,2.5,2.6,5,1.0,13
class 3,446,G,C,G446C,3.5,3.4,5,1.0,10
class 3,446,G,D,G446D,3.0,3.4,5,1.0,20
class 3,446,G,E,G446E,2.8,3.1,5,1.0,14
class 3,446,G,F,G446F,3.1,3.2,5,1.0,9
class 3,446,G,H,G446H,3.1,3.0,5,1.0,6
class 3,446,G,I,G446I,2.8,3.2,5,1.0,18
class 3,446,G,K,G446K,2.7,3.1,5,1.0,5
class 3,446,G,L,G446L,3.7,3.9,5,1.0,25
class 3,446,G,M,G446M,4.1,4.3,5,1.0,5
class 3,446,G,N,G446N,2.3,2.5,5,1.0,12
class 3,446,G,P,G446P,3.1,3.0,5,1.0,15
class 3,446,G,Q,G446Q,3.7,4.1,5,1.0,7
class 3,446,G,R,G446R,3.8,3.8,5,1.0,38
class 3,446,G,S,G446S,3.6,3.4,5,1.0,21
class 3,446,G,T,G446T,4.4,4.3,5,1.0,24
class 3,446,G,V,G446V,2.8,2.9,5,1.0,19
class 3,446,G,W,G446W,3.2,3.2,5,1.0,6
class 3,446,G,Y,G446Y,2.9,2.7,5,1.0,10
class 3,484,E,A,E484A,0.7,0.6,5,1.0,20
class 3,484,E,C,E484C,0.7,0.8,5,1.0,11
class 3,484,E,D,E484D,0.5,0.5,5,1.0,12
class 3,484,E,F,E484F,0.6,0.7,5,1.0,6
class 3,484,E,G,E484G,0.3,0.4,5,1.0,17
class 3,484,E,H,E484H,0.8,0.8,5,1.0,14
class 3,484,E,I,E484I,0.6,0.5,5,1.0,17
class 3,484,E,K,E484K,0.2,0.3,5,1.0,10
class 3,484,E,L,E484L,0.6,0.6,5,1.0,33
class 3,484,E,M,E484M,0.2,0.1,5,1.0,5
class 3,484,E,N,E484N,1.0,0.9,5,1.0,10
class 3,484,E,P,E484P,0.9,0.9,5,1.0,15
class 3,484,E,Q,E484Q,0.6,0.6,5,1.0,9
class 3,484,E,R,E484R,0.5,0.4,5,1.0,30
class 3,484,E,S,E484S,0.5,0.5,5,1.0,35
class 3,484,E,T,E484T,0.5,0.2,5,1.0,14
class 3,484,E,V,E484V,0.8,0.8,5,1.0,21
class 3,484,E,W,E484W,0.9,0.9,5,1.0,4
class 3,484,E,Y,E484Y,0.7,0.7,5,1.0,14
class 3,501,N,A,N501A,1.0,1.0,5,1.0,18
class 3,501,N,C,N501C,1.1,0.9,5,1.0,14
class 3,501,N,F,N501F,0.8,0.8,5,1.0,16
class 3,501,N,G,N501G,1.0,0.9,5,1.0,23
class 3,501,N,H,N501H,1.1,1.2,5,1.0,8
class 3,501,N,I,N501I,0.8,0.9,5,1.0,9
class 3,501,N,L,N501L,0.8,0.7,5,1.0,31
class 3,501,N,M,N501M,0.9,0.9,5,1.0,4
class 3,501,N,P,N501P,1.3,1.4,5,1.0,18
class 3,501,N,Q,N501Q,0.8,0.8,5,1.0,7
class 3,501,N,R,N501R,0.6,0.5,5,1.0,35
class 3,501,N,S,N501S,0.9,0.9,5,1.0,22
class 3,501,N,T,N501T,0.7,0.5,5,1.0,16
class 3,501,N,V,N501V,0.9,0.9,5,1.0,20
class 3,501,N,W,N501W,0.7,0.7,5,1.0,8
class 3,501,N,Y,N501Y,0.6,0.4,5,1.0,14
